{
  "pyspark": {
    "duration_ms": [
      1904,
      1837,
      1748,
      1711,
      1832,
      1843,
      1820,
      1583,
      1739,
      1679,
      1732,
      1712,
      1708,
      1674,
      1799
    ],
    "jvm_gc_time_ms": [
      162,
      172,
      169,
      154,
      172,
      165,
      167,
      144,
      147,
      134,
      140,
      138,
      169,
      151,
      169
    ],
    "executor_cpu_time_ms": [
      1998.461215,
      1984.827079,
      1972.013331,
      1950.146637,
      1978.52165,
      1999.627782,
      1979.261451,
      1966.541946,
      1977.632867,
      1971.117837,
      1956.530681,
      1992.40712,
      1972.422023,
      1979.883295,
      1974.364022
    ],
    "peak_execution_memory_max_mb": [
      95.99993896484375,
      95.99993896484375,
      95.99993896484375,
      95.99993896484375,
      95.99993896484375,
      95.99993896484375,
      95.99993896484375,
      95.99993896484375,
      95.99993896484375,
      95.99993896484375,
      95.99993896484375,
      95.99993896484375,
      95.99993896484375,
      95.99993896484375,
      95.99993896484375
    ],
    "shuffle_total_mb": [
      100.86168098449707,
      100.86168098449707,
      100.86168098449707,
      100.86168098449707,
      100.86168098449707,
      100.86168098449707,
      100.86168098449707,
      100.86168098449707,
      100.86168098449707,
      100.86168098449707,
      100.86168098449707,
      100.86168098449707,
      100.86168098449707,
      100.86168098449707,
      100.86168098449707
    ],
    "memory_spill_mb": [
      0.0,
      0.0,
      0.0,
      0.0,
      0.0,
      0.0,
      0.0,
      0.0,
      0.0,
      0.0,
      0.0,
      0.0,
      0.0,
      0.0,
      0.0
    ],
    "start_epoch_ms": [
      1784418587972,
      1784418589972,
      1784418591941,
      1784418593794,
      1784418595600,
      1784418597520,
      1784418599432,
      1784418601313,
      1784418602956,
      1784418604771,
      1784418606503,
      1784418608324,
      1784418610142,
      1784418611940,
      1784418613681
    ]
  },
  "scala": {
    "duration_ms": [
      1624,
      1930,
      1791,
      1651,
      1568,
      1740,
      1704,
      1799,
      1669,
      1709,
      1792,
      1653,
      1480,
      1094
    ],
    "jvm_gc_time_ms": [
      158,
      197,
      142,
      159,
      111,
      133,
      138,
      142,
      109,
      116,
      142,
      136,
      98,
      54
    ],
    "executor_cpu_time_ms": [
      1998.616934,
      2080.228203,
      2089.526522,
      2036.28001,
      2028.619079,
      2062.000255,
      2077.510696,
      2039.586165,
      2037.279102,
      2060.485748,
      2045.51957,
      2042.692791,
      2010.420494,
      1863.799944
    ],
    "peak_execution_memory_max_mb": [
      95.99993896484375,
      95.99993896484375,
      95.99993896484375,
      95.99993896484375,
      95.99993896484375,
      95.99993896484375,
      95.99993896484375,
      95.99993896484375,
      95.99993896484375,
      95.99993896484375,
      95.99993896484375,
      95.99993896484375,
      95.99993896484375,
      95.99993896484375
    ],
    "shuffle_total_mb": [
      100.86168098449707,
      100.86168098449707,
      100.86168098449707,
      100.86168098449707,
      100.86168098449707,
      100.86168098449707,
      100.86168098449707,
      100.86168098449707,
      100.86168098449707,
      100.86168098449707,
      100.86168098449707,
      100.86168098449707,
      100.86168098449707,
      100.86168098449707
    ],
    "memory_spill_mb": [
      0.0,
      0.0,
      0.0,
      0.0,
      0.0,
      0.0,
      0.0,
      0.0,
      0.0,
      0.0,
      0.0,
      0.0,
      0.0,
      0.0
    ],
    "start_epoch_ms": [
      1784418592552,
      1784418594280,
      1784418596317,
      1784418598202,
      1784418599955,
      1784418601613,
      1784418603460,
      1784418605237,
      1784418607116,
      1784418608824,
      1784418610608,
      1784418612490,
      1784418614188,
      1784418615697
    ]
  }
}