{
  "pyspark": {
    "duration_ms": [
      581,
      597,
      590,
      565,
      561,
      594,
      618,
      580,
      530,
      571,
      575,
      551,
      577,
      526,
      570,
      525,
      544,
      584,
      517,
      580,
      562,
      546,
      595,
      565,
      542,
      565,
      603,
      572,
      570,
      557,
      518,
      515,
      553,
      562,
      549,
      534,
      542,
      527,
      592,
      565,
      537,
      557,
      588,
      568
    ],
    "jvm_gc_time_ms": [
      44,
      48,
      44,
      36,
      40,
      48,
      44,
      40,
      34,
      44,
      36,
      43,
      35,
      31,
      40,
      32,
      32,
      36,
      32,
      44,
      40,
      42,
      34,
      32,
      36,
      36,
      36,
      34,
      40,
      36,
      36,
      32,
      48,
      35,
      28,
      32,
      44,
      36,
      36,
      38,
      29,
      36,
      46,
      36
    ],
    "executor_cpu_time_ms": [
      1961.520449,
      1945.618019,
      1982.812037,
      1929.059169,
      1938.22095,
      1932.112989,
      1953.510585,
      1968.782114,
      1909.427833,
      1943.583941,
      1932.40686,
      1917.734237,
      1966.922859,
      1941.080836,
      1939.455448,
      1906.614879,
      1930.614121,
      1948.804784,
      1938.814534,
      1927.662559,
      1918.279946,
      1935.867748,
      1929.973126,
      1927.686623,
      1940.504656,
      1926.687245,
      1924.963536,
      1927.100914,
      1915.247654,
      1942.218406,
      1934.212573,
      1933.580497,
      1924.168538,
      1932.981452,
      1908.860647,
      1892.585457,
      1920.040206,
      1908.002369,
      1955.571031,
      1953.893628,
      1917.599041,
      1924.971874,
      1942.796569,
      1940.708692
    ],
    "peak_execution_memory_max_mb": [
      95.99996948242188,
      95.99996948242188,
      95.99996948242188,
      95.99996948242188,
      95.99996948242188,
      95.99996948242188,
      95.99996948242188,
      95.99996948242188,
      95.99996948242188,
      95.99996948242188,
      95.99996948242188,
      95.99996948242188,
      95.99996948242188,
      95.99996948242188,
      95.99996948242188,
      95.99996948242188,
      95.99996948242188,
      95.99996948242188,
      95.99996948242188,
      95.99996948242188,
      95.99996948242188,
      95.99996948242188,
      95.99996948242188,
      95.99996948242188,
      95.99996948242188,
      95.99996948242188,
      95.99996948242188,
      95.99996948242188,
      95.99996948242188,
      95.99996948242188,
      95.99996948242188,
      95.99996948242188,
      95.99996948242188,
      95.99996948242188,
      95.99996948242188,
      95.99996948242188,
      95.99996948242188,
      95.99996948242188,
      95.99996948242188,
      95.99996948242188,
      95.99996948242188,
      95.99996948242188,
      95.99996948242188,
      95.99996948242188
    ],
    "shuffle_total_mb": [
      100.86800193786621,
      100.86800193786621,
      100.86800193786621,
      100.86800193786621,
      100.86800193786621,
      100.86800193786621,
      100.86800193786621,
      100.86800193786621,
      100.86800193786621,
      100.86800193786621,
      100.86800193786621,
      100.86800193786621,
      100.86800193786621,
      100.86800193786621,
      100.86800193786621,
      100.86800193786621,
      100.86800193786621,
      100.86800193786621,
      100.86800193786621,
      100.86800193786621,
      100.86800193786621,
      100.86800193786621,
      100.86800193786621,
      100.86800193786621,
      100.86800193786621,
      100.86800193786621,
      100.86800193786621,
      100.86800193786621,
      100.86800193786621,
      100.86800193786621,
      100.86800193786621,
      100.86800193786621,
      100.86800193786621,
      100.86800193786621,
      100.86800193786621,
      100.86800193786621,
      100.86800193786621,
      100.86800193786621,
      100.86800193786621,
      100.86800193786621,
      100.86800193786621,
      100.86800193786621,
      100.86800193786621,
      100.86800193786621
    ],
    "memory_spill_mb": [
      0.0,
      0.0,
      0.0,
      0.0,
      0.0,
      0.0,
      0.0,
      0.0,
      0.0,
      0.0,
      0.0,
      0.0,
      0.0,
      0.0,
      0.0,
      0.0,
      0.0,
      0.0,
      0.0,
      0.0,
      0.0,
      0.0,
      0.0,
      0.0,
      0.0,
      0.0,
      0.0,
      0.0,
      0.0,
      0.0,
      0.0,
      0.0,
      0.0,
      0.0,
      0.0,
      0.0,
      0.0,
      0.0,
      0.0,
      0.0,
      0.0,
      0.0,
      0.0,
      0.0
    ]
  },
  "scala": {
    "duration_ms": [
      801,
      894,
      860,
      825,
      793,
      860,
      801,
      785,
      793,
      796,
      811,
      811,
      846,
      794,
      839,
      807,
      871,
      824,
      787,
      794,
      806,
      815,
      720,
      823
    ],
    "jvm_gc_time_ms": [
      71,
      95,
      103,
      88,
      75,
      80,
      72,
      69,
      62,
      81,
      72,
      66,
      92,
      67,
      74,
      76,
      80,
      72,
      58,
      70,
      79,
      78,
      62,
      87
    ],
    "executor_cpu_time_ms": [
      2053.041366,
      2072.500879,
      2084.14203,
      2062.72294,
      2010.269784,
      2014.535743,
      2033.767788,
      2046.490709,
      2000.908628,
      2032.251877,
      2027.74095,
      2017.164219,
      2018.065036,
      2035.677994,
      2035.937493,
      2045.618952,
      2037.037531,
      2052.682069,
      2025.495588,
      2042.71409,
      2042.750105,
      2046.717413,
      1965.364498,
      1998.311375
    ],
    "peak_execution_memory_max_mb": [
      95.99996948242188,
      95.99996948242188,
      95.99996948242188,
      95.99996948242188,
      95.99996948242188,
      95.99996948242188,
      95.99996948242188,
      95.99996948242188,
      95.99996948242188,
      95.99996948242188,
      95.99996948242188,
      95.99996948242188,
      95.99996948242188,
      95.99996948242188,
      95.99996948242188,
      95.99996948242188,
      95.99996948242188,
      95.99996948242188,
      95.99996948242188,
      95.99996948242188,
      95.99996948242188,
      95.99996948242188,
      95.99996948242188,
      95.99996948242188
    ],
    "shuffle_total_mb": [
      100.86800193786621,
      100.86800193786621,
      100.86800193786621,
      100.86800193786621,
      100.86800193786621,
      100.86800193786621,
      100.86800193786621,
      100.86800193786621,
      100.86800193786621,
      100.86800193786621,
      100.86800193786621,
      100.86800193786621,
      100.86800193786621,
      100.86800193786621,
      100.86800193786621,
      100.86800193786621,
      100.86800193786621,
      100.86800193786621,
      100.86800193786621,
      100.86800193786621,
      100.86800193786621,
      100.86800193786621,
      100.86800193786621,
      100.86800193786621
    ],
    "memory_spill_mb": [
      0.0,
      0.0,
      0.0,
      0.0,
      0.0,
      0.0,
      0.0,
      0.0,
      0.0,
      0.0,
      0.0,
      0.0,
      0.0,
      0.0,
      0.0,
      0.0,
      0.0,
      0.0,
      0.0,
      0.0,
      0.0,
      0.0,
      0.0,
      0.0
    ]
  }
}