{
  "pyspark": {
    "duration_ms": [
      1926,
      1974,
      1705,
      1771,
      1768,
      1874,
      1960,
      2014,
      1879,
      1848,
      1846,
      1952,
      1687,
      1727,
      1652
    ],
    "jvm_gc_time_ms": [
      195,
      203,
      139,
      156,
      131,
      176,
      163,
      199,
      162,
      166,
      192,
      205,
      138,
      160,
      135
    ],
    "executor_cpu_time_ms": [
      2083.496697,
      2019.714979,
      2012.612355,
      2025.624904,
      2043.950724,
      2046.741105,
      2018.32526,
      2051.005199,
      2027.648092,
      2024.564565,
      2017.487417,
      2060.628196,
      2013.736603,
      1998.26666,
      2025.091534
    ],
    "peak_execution_memory_max_mb": [
      95.99993896484375,
      95.99993896484375,
      95.99993896484375,
      95.99993896484375,
      95.99993896484375,
      95.99993896484375,
      95.99993896484375,
      95.99993896484375,
      95.99993896484375,
      95.99993896484375,
      95.99993896484375,
      95.99993896484375,
      95.99993896484375,
      95.99993896484375,
      95.99993896484375
    ],
    "shuffle_total_mb": [
      100.86168098449707,
      100.86168098449707,
      100.86168098449707,
      100.86168098449707,
      100.86168098449707,
      100.86168098449707,
      100.86168098449707,
      100.86168098449707,
      100.86168098449707,
      100.86168098449707,
      100.86168098449707,
      100.86168098449707,
      100.86168098449707,
      100.86168098449707,
      100.86168098449707
    ],
    "memory_spill_mb": [
      0.0,
      0.0,
      0.0,
      0.0,
      0.0,
      0.0,
      0.0,
      0.0,
      0.0,
      0.0,
      0.0,
      0.0,
      0.0,
      0.0,
      0.0
    ],
    "start_epoch_ms": [
      1784418733087,
      1784418735106,
      1784418737202,
      1784418738973,
      1784418740828,
      1784418742663,
      1784418744659,
      1784418746680,
      1784418748770,
      1784418750753,
      1784418752681,
      1784418754613,
      1784418756648,
      1784418758417,
      1784418760255
    ]
  },
  "scala": {
    "duration_ms": [
      1669,
      1778,
      1549,
      1584,
      1596,
      1730,
      1671,
      1571,
      1543,
      1732,
      1507,
      1600,
      1490,
      1794,
      1291
    ],
    "jvm_gc_time_ms": [
      161,
      115,
      130,
      111,
      137,
      134,
      156,
      158,
      124,
      148,
      152,
      136,
      118,
      144,
      100
    ],
    "executor_cpu_time_ms": [
      2033.770425,
      1997.101707,
      2014.822118,
      2001.608286,
      1981.245964,
      2039.209289,
      2013.950486,
      2010.535367,
      2019.396199,
      2031.002937,
      1983.394207,
      1999.197455,
      1966.87081,
      2024.02398,
      1882.860533
    ],
    "peak_execution_memory_max_mb": [
      95.99993896484375,
      95.99993896484375,
      95.99993896484375,
      95.99993896484375,
      95.99993896484375,
      95.99993896484375,
      95.99993896484375,
      95.99993896484375,
      95.99993896484375,
      95.99993896484375,
      95.99993896484375,
      95.99993896484375,
      95.99993896484375,
      95.99993896484375,
      95.99993896484375
    ],
    "shuffle_total_mb": [
      100.86168098449707,
      100.86168098449707,
      100.86168098449707,
      100.86168098449707,
      100.86168098449707,
      100.86168098449707,
      100.86168098449707,
      100.86168098449707,
      100.86168098449707,
      100.86168098449707,
      100.86168098449707,
      100.86168098449707,
      100.86168098449707,
      100.86168098449707,
      100.86168098449707
    ],
    "memory_spill_mb": [
      0.0,
      0.0,
      0.0,
      0.0,
      0.0,
      0.0,
      0.0,
      0.0,
      0.0,
      0.0,
      0.0,
      0.0,
      0.0,
      0.0,
      0.0
    ],
    "start_epoch_ms": [
      1784418737376,
      1784418739145,
      1784418741019,
      1784418742676,
      1784418744371,
      1784418746060,
      1784418747853,
      1784418749596,
      1784418751244,
      1784418752858,
      1784418754651,
      1784418756250,
      1784418757910,
      1784418759472,
      1784418761316
    ]
  }
}