{
  "pyspark": {
    "duration_ms": [
      875,
      810,
      853,
      762,
      798,
      824,
      798,
      780,
      744,
      810,
      815,
      775,
      845,
      746,
      744,
      732,
      766,
      730,
      726,
      758,
      700,
      740,
      731,
      720,
      721,
      752,
      711,
      719,
      679,
      753,
      778,
      755,
      678,
      758,
      690,
      744,
      772,
      716,
      709,
      762,
      731,
      700,
      686,
      732,
      763,
      736,
      810,
      797,
      721
    ],
    "jvm_gc_time_ms": [
      85,
      86,
      102,
      74,
      77,
      85,
      72,
      94,
      74,
      89,
      82,
      76,
      120,
      78,
      81,
      78,
      80,
      78,
      73,
      94,
      64,
      77,
      103,
      76,
      68,
      76,
      77,
      80,
      72,
      88,
      68,
      77,
      56,
      66,
      76,
      70,
      79,
      66,
      82,
      86,
      98,
      65,
      73,
      80,
      90,
      88,
      98,
      86,
      58
    ],
    "executor_cpu_time_ms": [
      2008.161402,
      1994.153798,
      1982.649159,
      1980.826588,
      1983.738914,
      1968.755911,
      1975.263688,
      1937.408741,
      1934.914195,
      1969.024619,
      1970.323995,
      1971.756465,
      2022.715648,
      1973.624136,
      1965.568238,
      1931.236364,
      1961.272461,
      1952.622461,
      1941.687333,
      1953.311322,
      1964.473902,
      1927.018115,
      1952.764655,
      1932.957242,
      1952.749377,
      1973.813701,
      1940.18249,
      1935.004858,
      1938.300825,
      1957.777778,
      1971.254686,
      1936.618745,
      1945.599499,
      1954.582159,
      1921.697577,
      1949.072194,
      1950.672646,
      1934.468114,
      1964.445181,
      1975.297112,
      1944.119989,
      1956.529813,
      1927.265519,
      1949.795867,
      1972.259544,
      1944.467949,
      1944.725172,
      1925.721748,
      1954.238455
    ],
    "peak_execution_memory_max_mb": [
      95.99996948242188,
      95.99996948242188,
      95.99996948242188,
      95.99996948242188,
      95.99996948242188,
      95.99996948242188,
      95.99996948242188,
      95.99996948242188,
      95.99996948242188,
      95.99996948242188,
      95.99996948242188,
      95.99996948242188,
      95.99996948242188,
      95.99996948242188,
      95.99996948242188,
      95.99996948242188,
      95.99996948242188,
      95.99996948242188,
      95.99996948242188,
      95.99996948242188,
      95.99996948242188,
      95.99996948242188,
      95.99996948242188,
      95.99996948242188,
      95.99996948242188,
      95.99996948242188,
      95.99996948242188,
      95.99996948242188,
      95.99996948242188,
      95.99996948242188,
      95.99996948242188,
      95.99996948242188,
      95.99996948242188,
      95.99996948242188,
      95.99996948242188,
      95.99996948242188,
      95.99996948242188,
      95.99996948242188,
      95.99996948242188,
      95.99996948242188,
      95.99996948242188,
      95.99996948242188,
      95.99996948242188,
      95.99996948242188,
      95.99996948242188,
      95.99996948242188,
      95.99996948242188,
      95.99996948242188,
      95.99996948242188
    ],
    "shuffle_total_mb": [
      100.86800193786621,
      100.86800193786621,
      100.86800193786621,
      100.86800193786621,
      100.86800193786621,
      100.86800193786621,
      100.86800193786621,
      100.86800193786621,
      100.86800193786621,
      100.86800193786621,
      100.86800193786621,
      100.86800193786621,
      100.86800193786621,
      100.86800193786621,
      100.86800193786621,
      100.86800193786621,
      100.86800193786621,
      100.86800193786621,
      100.86800193786621,
      100.86800193786621,
      100.86800193786621,
      100.86800193786621,
      100.86800193786621,
      100.86800193786621,
      100.86800193786621,
      100.86800193786621,
      100.86800193786621,
      100.86800193786621,
      100.86800193786621,
      100.86800193786621,
      100.86800193786621,
      100.86800193786621,
      100.86800193786621,
      100.86800193786621,
      100.86800193786621,
      100.86800193786621,
      100.86800193786621,
      100.86800193786621,
      100.86800193786621,
      100.86800193786621,
      100.86800193786621,
      100.86800193786621,
      100.86800193786621,
      100.86800193786621,
      100.86800193786621,
      100.86800193786621,
      100.86800193786621,
      100.86800193786621,
      100.86800193786621
    ],
    "memory_spill_mb": [
      0.0,
      0.0,
      0.0,
      0.0,
      0.0,
      0.0,
      0.0,
      0.0,
      0.0,
      0.0,
      0.0,
      0.0,
      0.0,
      0.0,
      0.0,
      0.0,
      0.0,
      0.0,
      0.0,
      0.0,
      0.0,
      0.0,
      0.0,
      0.0,
      0.0,
      0.0,
      0.0,
      0.0,
      0.0,
      0.0,
      0.0,
      0.0,
      0.0,
      0.0,
      0.0,
      0.0,
      0.0,
      0.0,
      0.0,
      0.0,
      0.0,
      0.0,
      0.0,
      0.0,
      0.0,
      0.0,
      0.0,
      0.0,
      0.0
    ]
  },
  "scala": {
    "duration_ms": [
      905,
      939,
      766,
      805,
      855,
      784,
      776,
      733,
      687,
      736,
      783,
      765,
      692,
      696,
      620,
      617,
      595,
      615,
      607,
      616,
      575,
      589,
      619,
      551,
      607,
      619,
      597,
      599,
      521,
      635,
      528,
      615,
      590,
      607,
      634,
      608,
      558,
      539,
      541,
      540,
      622,
      632,
      559,
      595,
      624,
      538,
      596,
      599,
      544,
      589
    ],
    "jvm_gc_time_ms": [
      91,
      106,
      84,
      69,
      86,
      78,
      89,
      63,
      72,
      72,
      64,
      64,
      70,
      55,
      38,
      48,
      51,
      52,
      55,
      56,
      44,
      59,
      56,
      43,
      56,
      51,
      51,
      57,
      52,
      47,
      36,
      55,
      48,
      50,
      64,
      50,
      42,
      44,
      38,
      47,
      48,
      60,
      41,
      66,
      52,
      44,
      50,
      52,
      37,
      52
    ],
    "executor_cpu_time_ms": [
      2039.762709,
      2025.766074,
      1984.04471,
      1964.575578,
      1997.541112,
      1976.673286,
      1973.379515,
      1946.202283,
      1961.111871,
      1959.030316,
      1949.875854,
      1962.138654,
      1892.410331,
      1975.161619,
      1942.2822,
      1917.990298,
      1911.79946,
      1879.64204,
      1927.713198,
      1925.134702,
      1914.397586,
      1862.08683,
      1960.266111,
      1897.323867,
      1918.370621,
      1927.54528,
      1930.178828,
      1939.35544,
      1906.398149,
      1896.588495,
      1902.176454,
      1911.079615,
      1918.784808,
      1897.293157,
      1912.563942,
      1907.293955,
      1883.411866,
      1905.682415,
      1889.158824,
      1897.282111,
      1905.04124,
      1897.25732,
      1883.156198,
      1924.951069,
      1881.008816,
      1879.036571,
      1908.218081,
      1942.058489,
      1910.604427,
      1942.711951
    ],