{
  "pyspark": {
    "duration_ms": [
      1951,
      2241,
      1775,
      1768,
      1786,
      1828,
      1798,
      1773,
      1813,
      1751,
      1723,
      1668,
      1678,
      1683,
      1840
    ],
    "jvm_gc_time_ms": [
      215,
      263,
      190,
      148,
      180,
      218,
      187,
      159,
      149,
      143,
      126,
      123,
      138,
      146,
      184
    ],
    "executor_cpu_time_ms": [
      2043.108114,
      2074.770007,
      2032.379096,
      2052.591073,
      2046.227009,
      2007.478894,
      2005.665632,
      2025.366074,
      2025.865779,
      2040.19909,
      1984.60915,
      2018.747393,
      2006.096817,
      2013.146613,
      2034.225427
    ],
    "peak_execution_memory_max_mb": [
      95.99993896484375,
      95.99993896484375,
      95.99993896484375,
      95.99993896484375,
      95.99993896484375,
      95.99993896484375,
      95.99993896484375,
      95.99993896484375,
      95.99993896484375,
      95.99993896484375,
      95.99993896484375,
      95.99993896484375,
      95.99993896484375,
      95.99993896484375,
      95.99993896484375
    ],
    "shuffle_total_mb": [
      100.86168098449707,
      100.86168098449707,
      100.86168098449707,
      100.86168098449707,
      100.86168098449707,
      100.86168098449707,
      100.86168098449707,
      100.86168098449707,
      100.86168098449707,
      100.86168098449707,
      100.86168098449707,
      100.86168098449707,
      100.86168098449707,
      100.86168098449707,
      100.86168098449707
    ],
    "memory_spill_mb": [
      0.0,
      0.0,
      0.0,
      0.0,
      0.0,
      0.0,
      0.0,
      0.0,
      0.0,
      0.0,
      0.0,
      0.0,
      0.0,
      0.0,
      0.0
    ],
    "start_epoch_ms": [
      1784418662403,
      1784418664475,
      1784418666821,
      1784418668682,
      1784418670530,
      1784418672376,
      1784418674263,
      1784418676126,
      1784418677977,
      1784418679867,
      1784418681685,
      1784418683484,
      1784418685199,
      1784418686933,
      1784418688665
    ]
  },
  "scala": {
    "duration_ms": [
      1745,
      1686,
      1823,
      1744,
      1774,
      1806,
      1789,
      1637,
      1799,
      1745,
      1772,
      1662,
      1668,
      1219
    ],
    "jvm_gc_time_ms": [
      172,
      128,
      170,
      154,
      170,
      182,
      115,
      158,
      152,
      144,
      157,
      144,
      169,
      78
    ],
    "executor_cpu_time_ms": [
      2121.746193,
      2080.64904,
      2140.639277,
      2117.806081,
      2123.860149,
      2134.149945,
      2114.52648,
      2112.566909,
      2120.521574,
      2122.531716,
      2125.757504,
      2120.678776,
      2112.222353,
      1978.700043
    ],
    "peak_execution_memory_max_mb": [
      95.99993896484375,
      95.99993896484375,
      95.99993896484375,
      95.99993896484375,
      95.99993896484375,
      95.99993896484375,
      95.99993896484375,
      95.99993896484375,
      95.99993896484375,
      95.99993896484375,
      95.99993896484375,
      95.99993896484375,
      95.99993896484375,
      95.99993896484375
    ],
    "shuffle_total_mb": [
      100.86168098449707,
      100.86168098449707,
      100.86168098449707,
      100.86168098449707,
      100.86168098449707,
      100.86168098449707,
      100.86168098449707,
      100.86168098449707,
      100.86168098449707,
      100.86168098449707,
      100.86168098449707,
      100.86168098449707,
      100.86168098449707,
      100.86168098449707
    ],
    "memory_spill_mb": [
      0.0,
      0.0,
      0.0,
      0.0,
      0.0,
      0.0,
      0.0,
      0.0,
      0.0,
      0.0,
      0.0,
      0.0,
      0.0,
      0.0
    ],
    "start_epoch_ms": [
      1784418666561,
      1784418668395,
      1784418670162,
      1784418672088,
      1784418673928,
      1784418675815,
      1784418677708,
      1784418679595,
      1784418681324,
      1784418683202,
      1784418685026,
      1784418686887,
      1784418688610,
      1784418690351
    ]
  }
}